MFCC_1,MFCC_2,MFCC_3,MFCC_4,MFCC_5,MFCC_6,MFCC_7,MFCC_8,MFCC_9,MFCC_10,MFCC_11,MFCC_12,MFCC_13,label
-391.83865,132.59329,-78.15634,-4.3411636,26.582008,-29.524113,-1.659269,10.701067,-10.28379,9.226215,4.055128,-12.681893,3.7828074,meow
-536.61945,152.8522,-77.44308,-2.8206303,27.990017,-27.227917,0.5844125,1.9871205,-19.606192,9.704969,3.071564,-13.248115,11.443313,meow
-511.9229,138.3329,-73.27936,0.80807656,26.016302,-36.818577,-8.151559,9.4113,-7.7410145,12.969976,7.9513135,-9.119891,3.3608856,meow
-471.32718,108.191154,-68.67891,-3.2871964,24.783716,-24.068495,-6.17354,5.2153945,-4.0541825,9.833466,-1.4034431,-9.358648,8.58331,meow
-505.3305,131.10312,-66.25299,-2.518894,17.932867,-27.289577,5.7142367,4.4574466,-21.698196,5.6794143,6.0302877,-7.482302,9.752344,meow
-430.0458,131.82903,-78.90985,0.53765637,21.67229,-37.40699,-3.0873256,6.307359,-12.049736,15.065921,9.242343,-5.821947,8.566501,meow
-471.49246,107.89104,-57.46826,-16.15218,16.292696,-13.116176,-0.038068514,2.0215445,-8.051285,13.292283,8.255088,-10.792159,1.1525263,meow
-449.29544,119.54615,-61.053402,-17.994526,12.899391,-20.502361,-0.55503196,6.6796565,-8.536032,7.37967,2.4751582,-12.563554,2.906778,meow
-469.21075,120.04899,-55.0166,-14.325905,17.733624,-14.060925,-0.91033405,1.6536129,-10.755875,5.5281777,-0.6448003,-12.273769,5.9781413,meow
-492.0557,116.90615,-48.37685,-1.2556604,17.409443,-23.869123,-5.73748,-0.7472396,-10.284349,10.996204,2.8090277,-11.062233,8.261402,meow
-527.89026,167.51265,-101.1567,1.7871245,29.219694,-34.56641,14.425241,8.377383,-27.107832,12.219625,4.8897543,-15.307437,12.5765295,meow
-439.46497,113.56012,-64.302444,-7.521507,16.401234,-24.82229,0.26989755,3.8849823,-14.681662,6.456029,0.2525971,-15.993365,4.1999087,meow
-448.95267,153.06822,-68.471405,-15.2183895,13.566129,-32.21696,-3.157934,4.98177,-16.549614,4.7241664,-1.9064826,-21.24537,1.205638,meow
-415.22412,167.73213,-65.53562,-14.019528,8.83158,-39.57114,-4.2061377,5.0850573,-18.19783,4.960819,-2.4851809,-23.561367,0.021003397,meow
-390.75433,156.34145,-74.84916,-19.162354,15.727291,-27.091248,-0.7620303,3.3171463,-16.32179,6.3391576,-1.86722,-19.24644,3.4353147,meow
-422.41312,145.2249,-76.76068,-4.5979,25.903896,-25.938103,1.743908,2.070691,-18.948217,9.736886,-1.7379303,-22.217592,6.045034,meow
-534.91595,167.29918,-73.66452,-5.853459,18.339314,-28.614634,9.358178,2.6214335,-26.31274,4.636567,-2.0613527,-17.939388,6.0234046,meow
-448.8724,137.71297,-77.46881,-15.653151,17.21166,-21.898848,5.581923,6.2778006,-9.574598,12.8171015,-3.2127516,-20.995909,2.6652887,meow
-420.14313,127.04777,-49.31352,-10.873653,12.349897,-18.154535,-0.32068893,-1.99456,-12.679812,7.266016,-3.6457033,-16.83497,3.147051,meow
-490.17075,104.885315,-33.03476,-8.071859,0.5802642,-28.286776,-4.088341,2.4287448,-11.7489,9.296251,12.849634,-3.4558187,2.562562,meow
-545.9809,160.73657,-72.13619,2.9986813,23.485924,-35.29847,3.6441307,8.8739,-14.866255,17.363796,8.233989,-16.459223,5.755496,meow
-437.6733,134.47183,-72.35578,-0.35197398,22.762852,-27.276691,3.1189482,3.4169662,-15.648118,12.002049,3.6154099,-11.376854,8.231147,meow
-552.47644,184.90837,-71.937126,1.3143861,12.847541,-42.77929,8.019017,4.6125684,-25.58933,8.76981,-2.7990038,-20.786694,7.542616,meow
-574.8645,185.36119,-96.32271,-1.0285821,25.559885,-38.291782,8.453432,4.743801,-23.487814,15.875306,3.8344116,-15.845281,10.981437,meow
-510.67072,157.8484,-83.54227,-0.2833231,22.08989,-35.35311,4.5064526,2.1022937,-22.222548,14.5685835,7.7592416,-8.873322,14.18163,meow
-512.6563,174.16685,-78.65567,-3.3378851,16.930607,-35.832817,5.740103,-1.0438452,-26.691133,8.875819,-1.9739009,-19.345259,5.577884,meow
-556.1291,150.74336,-93.033,7.583865,30.545116,-42.712868,7.5001664,17.435646,-27.173962,-0.6353335,4.6865044,-12.606801,10.450719,meow
-525.6427,133.61043,-77.51451,5.255513,25.145664,-39.641064,2.853715,15.632281,-23.452505,-3.6001308,3.0654676,-10.15128,11.778298,meow
-547.3111,143.6964,-81.10194,5.7903175,26.660421,-39.0206,3.8391902,12.105914,-24.004646,2.086468,3.0916553,-12.9762535,13.726641,meow
-568.23755,144.80795,-84.62677,5.7046733,26.875635,-38.977497,5.9268184,13.593278,-22.8982,2.725123,2.6180325,-10.989956,15.410305,meow
-500.27087,141.61693,-88.8987,4.870685,31.38217,-39.93029,2.1949623,16.234814,-22.223934,0.109235436,2.3371139,-14.983938,10.749493,meow
-623.68524,167.40135,-73.28887,4.834399,26.484253,-44.604134,-3.3980634,12.342981,-24.907341,1.1267792,8.332457,-10.5497265,15.423247,meow
-591.1879,156.96663,-79.78507,4.633638,28.526373,-42.27417,0.25830612,13.856416,-25.239492,2.035962,6.211349,-16.656027,12.182396,meow
-616.74677,169.31277,-79.71515,1.3664664,28.875557,-42.040604,-2.700125,13.361926,-21.361605,4.1007676,5.322568,-18.340555,8.222572,meow
-552.157,121.23798,-54.64321,1.0915971,19.361534,-33.576706,-5.504208,9.163508,-16.512236,0.57889503,3.5112662,-13.004819,8.26596,meow
-562.7835,133.98878,-68.76139,4.308747,26.622149,-36.63842,-2.8905706,11.875173,-20.656471,0.38883635,6.0722933,-10.995489,12.476558,meow
-524.7845,139.25383,-72.2704,-1.2684388,25.002209,-35.027905,-2.2351015,10.989263,-19.8454,2.45533,5.435734,-14.809252,8.029903,meow
-557.2762,122.764435,-61.47475,1.0770988,22.527771,-32.690395,-3.3639374,10.4654875,-17.366138,1.7521547,6.5074162,-10.421334,9.326735,meow
-573.8196,130.41335,-56.17895,1.053984,20.89496,-34.086864,-4.703982,11.276103,-15.994477,0.7685741,5.2816377,-10.410743,9.640973,meow
-557.41693,140.12439,-76.72351,0.7581827,30.937532,-34.59598,-4.370748,12.088614,-18.049105,1.9842279,4.1096044,-14.780518,10.205088,meow
-587.498,184.5055,-97.843956,0.42356092,31.150635,-46.310665,2.8111978,13.103031,-31.988562,3.3959632,9.962992,-15.5664215,13.258041,meow
-608.51184,146.60645,-49.404747,1.0131269,12.76081,-39.177822,-1.9594795,9.962168,-20.501995,-0.4204078,3.8122838,-8.514952,16.072327,meow
-600.8068,146.53845,-56.59707,-3.55827,13.0015745,-35.59632,2.91394,10.530393,-22.339563,2.0981798,5.583825,-13.638537,11.033564,meow
-643.17004,186.8571,-81.677284,5.039913,24.524164,-48.115368,4.3186507,13.648178,-29.790987,4.8182445,6.1367197,-20.45255,13.809884,meow
-636.1513,171.79193,-67.83874,3.3717587,19.37257,-45.06015,1.8651402,12.018302,-26.815674,2.3466158,5.9865227,-14.028832,15.817024,meow
-622.57227,163.53938,-65.32626,0.8802198,18.658112,-41.425083,1.6850424,11.0677185,-25.770842,4.287991,10.768459,-11.134638,13.727363,meow
-631.06104,170.8692,-68.42128,-1.730924,18.093616,-40.441265,3.9408967,11.853817,-24.491817,5.541116,7.501033,-15.480167,11.676153,meow
-606.9712,174.24243,-88.17088,3.0222988,27.960428,-46.38065,3.1235065,14.943315,-27.842556,5.939035,9.516254,-18.660349,10.399723,meow
-621.723,152.90437,-57.540203,1.9636942,16.005386,-39.281914,1.6723461,9.851524,-24.922808,2.193319,7.273336,-11.044034,16.58592,meow
-599.83124,152.25638,-61.239246,-3.465825,14.247284,-39.51567,-0.1604335,9.80706,-23.153484,2.7719,6.285127,-14.725943,11.164288,meow
-625.092,159.51314,-54.70271,2.5318825,14.869296,-41.42634,0.60092294,9.72411,-24.687464,3.855439,6.890664,-18.061348,7.556946,meow
-604.6931,154.90602,-64.85436,-1.174559,16.196333,-39.079235,4.7634444,12.371223,-25.542015,2.5872138,7.6526737,-13.574221,14.318638,meow
-499.2175,147.88937,-72.2899,-2.8052537,24.898424,-33.530655,-6.2819843,5.126216,-15.22304,5.9359426,1.547304,-11.220791,11.189795,meow
-610.07623,124.123566,-63.016438,2.1933062,20.773064,-27.911404,-4.5549755,-4.974691,-16.83866,8.847299,-4.071689,-15.17066,10.01446,meow
-501.65106,175.08289,-75.681076,7.7090263,24.188204,-38.441635,4.1988487,0.36985505,-26.561804,11.514596,0.28980008,-20.899282,7.8399825,meow
-402.59256,141.80498,-80.77382,-0.2557148,27.158554,-28.227749,3.0938187,4.770192,-15.714831,11.61473,-0.64862573,-18.519758,6.7677336,meow
-617.86835,127.34857,-63.362877,-2.5436423,21.567854,-31.086044,-1.2273288,14.126911,-9.288205,11.444301,9.769283,-16.934427,-1.1379468,meow
-542.63965,120.758224,-57.586872,-4.7068596,20.670671,-27.49014,-3.6344082,11.721276,-8.786474,9.00745,9.236818,-15.423786,-3.4430416,meow
-548.56635,118.82687,-59.232224,-2.1584353,22.859497,-27.027222,-3.727214,7.994933,-14.647741,5.6639347,9.329651,-10.310617,4.358798,meow
-596.9273,138.53682,-54.740353,-0.6450465,17.77645,-33.257076,-1.0488894,11.156714,-12.128673,13.95365,11.870457,-19.327362,-4.1686215,meow
-648.66534,177.49,-77.48643,0.4113968,26.755453,-40.438366,0.4238286,11.00357,-23.461662,9.508072,14.822262,-8.9396305,11.001074,meow
-647.157,172.99744,-85.33315,6.5849433,35.355614,-38.11115,3.1930711,13.351771,-21.912703,11.403286,9.662929,-18.755335,9.521193,meow
-610.5177,125.953835,-52.371,1.5432379,22.689222,-26.636156,-0.7435379,9.276667,-14.635358,9.261588,11.874889,-14.419465,0.0018843496,meow
-656.8814,180.37717,-84.60824,8.814505,33.760147,-42.74125,3.2734284,14.796394,-24.019978,11.070316,12.998925,-16.693422,8.153393,meow
-675.002,197.47327,-92.68929,7.3688226,33.691097,-48.699463,3.1632917,18.458395,-21.517384,12.516295,11.83511,-16.309216,9.116724,meow
-565.70184,114.671875,-56.85736,-0.54846084,24.034399,-23.485151,-1.6149324,5.96112,-16.759998,7.9429913,14.485918,-7.7548904,1.8136744,meow
-588.05646,118.448105,-54.818348,2.7266393,24.342024,-26.617737,-2.0765433,7.9264297,-16.525406,6.55661,11.551722,-11.512102,1.4283174,meow
-575.4607,172.32039,-83.73424,12.139267,29.432144,-43.099762,5.1927414,10.642467,-21.318895,12.244292,4.1427197,-14.753446,15.472379,meow
-532.67914,134.84644,-70.67191,5.4841676,27.73939,-30.657013,0.963989,6.875416,-16.52749,10.178876,2.1212437,-17.778288,9.06271,meow
-463.98447,112.431114,-66.44063,-4.670305,21.700432,-25.2718,-1.3894004,6.534886,-12.496949,10.11034,7.3954387,-13.867907,1.2998484,meow
-471.65625,129.03075,-66.96826,-2.825356,18.509396,-28.884275,-0.0679461,3.2081952,-11.881045,16.646837,6.66806,-15.3687725,1.8608171,meow
-436.4803,110.64026,-60.026833,1.2158828,19.220943,-25.416525,-0.62430525,0.6710104,-15.160363,9.815164,6.80724,-3.5600996,11.265887,meow
-549.0174,166.3348,-78.06597,3.9636142,24.233076,-37.58911,0.29132256,2.07816,-17.990608,15.679806,2.6693542,-14.508561,13.5181,meow
-551.3879,165.0468,-86.37225,1.1524857,25.620115,-35.23311,4.355482,3.9315894,-17.834501,18.945547,4.8133354,-18.215014,9.002725,meow
-521.9758,145.70308,-63.235603,-0.9112101,20.544504,-34.066372,0.7596282,9.582633,-23.949541,-2.3626084,1.3229442,-16.938461,4.026954,meow
-522.3814,138.95702,-52.207535,-1.107375,20.216673,-26.465216,0.64026177,5.909423,-20.943754,0.6240768,0.8424175,-17.955261,4.4307156,meow
-545.50757,134.80693,-57.949207,-2.8297584,18.654669,-32.350494,-2.8811364,7.036261,-20.377306,3.2492108,5.329535,-19.453333,-7.679901e-05,meow
-533.5761,125.526505,-61.450806,-6.145528,25.465284,-22.907463,-4.1609077,6.2710233,-17.62332,-1.504972,1.5347731,-14.803087,2.6216664,meow
-570.7582,163.19077,-68.48677,-7.295971,27.173841,-26.857002,-1.9805822,5.4981327,-21.292746,1.4992775,-0.8723524,-20.86628,5.1069145,meow
-539.3587,148.18369,-66.49021,-5.284218,25.807997,-27.093328,-1.4234537,6.688076,-21.283184,-0.20717795,-0.104145154,-18.29788,7.5592833,meow
-501.09277,148.68866,-75.14813,-4.9048133,31.21402,-28.38415,-3.867597,9.850649,-16.960796,1.1559689,-0.9158171,-21.801168,1.8070881,meow
-503.58533,129.22102,-63.97491,-3.2180843,29.396744,-23.48581,-6.406856,5.03424,-14.541062,3.9744747,1.835122,-19.057438,0.16617349,meow
-485.9403,137.0605,-51.879883,-3.0208743,20.942045,-25.17173,-1.7163123,7.684981,-14.862327,2.5663817,3.1265519,-12.326126,5.7791605,meow
-535.63794,154.14368,-57.7601,1.7300438,24.746927,-31.29615,-2.0953312,7.1625495,-21.599722,1.2441298,4.070211,-16.175795,2.8171227,meow
-630.7338,195.60712,-80.89495,19.428997,39.292503,-36.409706,9.327983,14.363629,-12.804766,19.364986,5.5953903,-13.298942,9.184705,meow
-607.73175,173.31131,-81.01292,17.986538,41.55393,-33.986866,6.4028287,15.783921,-10.751251,19.149033,10.08768,-12.314191,4.5276747,meow
-560.8762,132.87836,-57.870926,-5.1902924,22.920002,-22.502052,0.70496935,8.022865,-14.25309,10.675192,12.151871,-14.011855,-0.08997756,meow
-679.6474,155.57806,-64.79646,-9.0554905,20.935183,-25.115335,5.336489,9.780654,-19.44395,6.506342,10.47317,-8.830414,9.547922,meow
-665.741,200.29114,-91.345795,0.008276528,30.667068,-42.35948,5.535717,11.484608,-29.822947,9.610095,11.982211,-16.097353,14.170384,meow
-678.31775,203.81836,-86.633194,6.855659,30.29192,-47.316814,5.41735,13.173025,-30.416159,8.556212,10.558259,-17.822365,12.309128,meow
-612.363,156.39336,-77.4824,-1.1517508,30.093483,-34.08961,-1.6643413,10.715797,-19.5992,8.835459,13.8887615,-10.145881,6.3649473,meow
-628.8915,174.20016,-77.77609,-6.386484,26.942345,-31.651245,0.45779485,3.3589277,-26.058275,12.317172,16.380188,-10.217315,13.331844,meow
-587.0163,143.38983,-69.90772,-2.8991885,25.531528,-29.7742,0.47465762,7.7599363,-22.309666,4.699691,7.107981,-15.071018,11.288783,meow
-547.2298,137.6506,-78.89767,1.7936203,30.354925,-34.105274,-0.48095793,11.245043,-21.123188,5.513775,7.088971,-18.598488,5.939252,meow
-491.59293,147.08728,-103.61198,-6.5193143,38.089363,-32.20088,-0.9094355,16.243725,-14.260905,4.4520626,1.7961835,-18.26211,2.0777166,meow
-529.2684,156.43404,-104.14259,5.471572,32.872322,-48.44356,2.034026,20.723095,-16.185213,9.446998,3.2573488,-20.910168,5.346407,meow
-454.635,141.97234,-90.1938,5.516782,30.485865,-41.403553,4.3693786,18.232521,-20.751877,6.6362605,7.4320116,-21.297373,-0.36749735,meow
-463.34274,137.4329,-92.54634,1.7332578,30.624321,-37.751144,2.8894777,15.719344,-16.356916,10.515104,6.151007,-20.499243,1.3565106,meow
-445.98004,120.82,-71.89914,-4.329671,18.108376,-28.217144,4.519324,10.911126,-8.245416,11.7950115,-1.1451116,-18.58106,5.4915137,meow
-467.63843,144.91563,-87.47628,-0.9546053,22.96108,-34.809376,5.9238095,9.508469,-12.792721,17.022272,1.7755346,-18.378857,8.753626,meow
-428.3283,116.61614,-71.469925,-1.9788091,23.847515,-24.170086,0.20139293,2.436097,-13.849913,10.642229,0.7532614,-15.352702,7.989276,meow
-500.6611,143.24527,-66.30283,2.698252,13.767597,-39.766724,-0.46757478,1.1091931,-19.168089,15.012479,10.133668,-4.828095,15.299218,meow
-506.69598,173.96951,-85.22974,0.67390937,33.63722,-35.735584,-7.4177947,-0.7093726,-22.590033,7.4740753,1.1492088,-13.276935,14.614632,meow
-345.59225,134.85654,-63.778065,-22.535686,-0.87887436,-25.928265,8.779302,6.2918963,-14.329499,1.6308573,-10.850646,-16.24567,12.072727,meow
-556.61646,134.27109,-65.66742,-2.067303,17.13408,-28.624247,6.0247884,6.221478,-20.027271,3.8421814,-0.4347989,-12.6895485,11.732894,meow
-509.34555,139.68246,-61.105217,-6.153264,9.128944,-28.664251,13.916065,13.689242,-17.884176,0.13672194,-5.4170275,-15.734516,6.9531045,meow
-574.1471,119.87775,-59.321392,2.895119,26.774448,-28.35144,-4.5464945,9.47419,-13.911022,4.0678053,6.4164023,-10.314408,6.7099833,meow
-451.62842,157.16328,-96.10553,-7.032435,31.73356,-36.92455,-0.41067725,13.268213,-23.335089,2.4570043,3.5710871,-22.355219,4.633319,meow
-624.32336,147.69618,-63.34021,12.994943,31.973738,-39.01471,-3.225316,14.869396,-18.836885,3.6850026,9.579364,-13.690688,4.288854,meow
-488.30197,98.84665,-51.62855,-6.955172,17.236301,-19.002842,-0.8369959,5.9998064,-12.440649,2.6894727,2.005893,-13.960283,1.4299154,meow
-620.2612,152.61804,-58.0688,6.488457,19.2072,-40.108967,0.8115801,9.032529,-22.96316,8.231364,6.5635657,-22.111036,5.73901,meow
-638.69934,192.22491,-76.65419,5.9485526,26.78257,-45.920376,3.518612,13.357413,-27.44866,8.680653,8.738771,-24.01549,7.580103,meow
-615.51886,129.60385,-96.15516,-4.114098,19.112312,-54.157795,-5.5623207,17.909948,-19.856575,4.8716645,11.047844,-12.726082,10.493732,meow
-581.0835,185.47723,-96.40487,-2.547723,38.812164,-38.106907,-3.19055,9.445129,-27.919674,0.55293083,1.5684305,-22.93088,6.7120504,meow
-560.8048,149.35184,-115.12391,4.2579846,29.121128,-64.78807,-6.477116,17.193872,-32.34159,4.7485995,18.633377,-12.76769,12.510341,meow
-408.85715,104.783165,-63.88465,-3.4580243,21.573446,-23.49421,-0.4178205,10.482059,-3.6908321,13.573476,3.0543525,-17.60825,0.9226531,meow
-392.83148,117.75433,-58.850418,2.457176,22.2678,-24.613138,3.5658813,10.027538,-9.823434,11.8177805,5.8661294,-11.667348,7.484286,meow
-362.69528,139.99489,-60.10608,-1.8349344,21.066109,-25.466713,2.9106317,7.76314,-12.403841,12.02247,9.637573,-5.789904,9.198563,meow
-428.2571,118.20454,-52.567837,-10.1991005,12.884179,-22.461731,-1.3575718,0.88092875,-19.15735,0.68121034,4.668188,-3.700727,11.073253,meow
-369.90933,144.36156,-86.71551,11.778838,28.768948,-38.47507,5.7730994,8.552377,-15.567997,19.101267,6.502812,-15.372668,6.6408377,meow
-361.7176,126.64157,-68.19776,2.9012551,18.014362,-30.261738,5.757379,7.3458076,-8.588106,19.127758,2.2841177,-18.160183,4.7238846,meow
-395.26782,108.564804,-47.100925,-11.515889,9.612165,-16.412033,5.2639036,6.084637,-12.117194,-0.3340083,-4.8180084,-10.937105,6.9019585,meow
-354.43115,125.17337,-68.397804,-1.2483928,20.55817,-22.86318,7.1115646,5.527036,-12.075341,13.335326,3.2387414,-10.26775,8.428845,meow
-398.37534,117.13005,-68.23897,-3.7433102,19.451185,-22.186161,5.8360653,3.7893713,-16.257322,9.659308,6.375138,-6.3180656,7.783724,meow
-339.54626,131.02533,-71.53974,-17.17089,12.740498,-22.622587,1.5595443,-0.8469786,-17.47641,5.786609,0.20890684,-9.5978,7.544692,meow
-395.1195,149.68277,-79.47193,4.7438083,24.966377,-35.258904,3.8263607,8.736798,-13.420811,13.554592,1.8912205,-12.86493,10.907282,meow
-456.81454,135.38805,-74.78349,-5.3394217,20.965883,-28.225346,1.3900005,4.134427,-13.561905,14.517217,3.07716,-19.107296,2.9656427,meow
-485.81735,115.101166,-58.1189,-8.797555,15.694889,-24.79391,-1.7848318,8.714313,-7.2129164,8.060213,1.7688503,-13.732632,2.9245956,meow
-441.57318,109.43806,-64.84986,-6.3650775,21.758741,-26.860392,-8.598261,6.7367716,-4.277285,13.105017,8.677799,-10.190215,-1.5059266,meow
-505.36853,135.04295,-62.44099,-0.99445075,21.049791,-30.377567,-4.30812,2.681112,-14.754962,11.066857,8.382168,-7.462717,7.932738,meow
-498.41318,132.35835,-62.898476,-2.9998207,20.436495,-32.744934,-9.494996,3.1301866,-9.290079,14.445803,9.495445,-8.0711975,8.038274,meow
-472.5303,137.89246,-78.746666,-10.271347,23.056725,-26.902903,-2.9242544,1.9995487,-14.106262,13.424772,8.586125,-8.041448,9.45145,meow
-478.10474,107.68173,-56.16263,-0.94708043,18.555922,-23.182566,-0.44720978,2.2973375,-13.513668,10.013268,6.2486973,-9.339111,5.9388647,meow
-464.80594,98.929504,-44.131348,-5.456722,10.439011,-21.92817,-2.8888614,-1.0324944,-14.211263,7.9282384,9.212402,-3.6120548,6.665342,meow
-461.50763,118.55717,-61.969376,-5.755348,16.497227,-24.62329,-0.19498584,1.261455,-13.706058,12.887399,8.246342,-8.177929,6.690888,meow
-484.03128,111.61383,-60.120373,-4.5361104,18.588724,-23.417013,-2.2412126,1.8489693,-11.816394,10.678142,3.4486885,-13.745132,4.6154203,meow
-469.34326,107.36239,-65.37227,-13.574036,13.741945,-18.324594,6.0906434,6.6839566,-11.279062,8.882119,4.0972443,-11.635716,1.120785,meow
-454.80405,117.509544,-69.69559,-1.1751022,19.601593,-30.50789,0.008455161,6.908883,-12.130211,12.311903,7.0553737,-10.985571,4.7045846,meow
-493.92282,105.40932,-59.88743,-3.182829,12.56383,-30.344765,-2.4688685,5.195533,-7.0570283,15.784526,8.363073,-8.610582,4.0658503,meow
-615.7992,152.9876,-81.77735,8.14879,19.17264,-42.29204,14.58821,18.993933,-15.094048,11.280868,-6.547177,-23.265875,15.840204,meow
-603.16626,130.75122,-62.207314,3.2622461,16.258055,-30.786032,9.406033,12.127561,-11.684716,12.71204,-2.5293646,-23.425303,7.562873,meow
-589.1714,157.06703,-93.50853,5.744482,25.95272,-42.48488,9.473178,17.115795,-12.441617,18.137316,-2.5566006,-27.453875,11.798678,meow
-600.22644,211.71916,-101.79003,16.358,30.712063,-51.213272,11.360482,6.8167567,-29.117,19.614891,5.104528,-19.94793,12.6440525,meow
-565.4823,158.6153,-64.714874,6.6190352,19.582695,-34.964542,3.6882432,-1.7036155,-27.132845,9.642711,3.029641,-15.427545,12.259359,meow
-534.5188,141.21083,-63.901028,-0.9492128,17.477577,-32.810318,1.2166193,8.944686,-7.4163876,19.799004,5.979887,-19.930721,1.3273876,meow
-519.2119,124.57696,-49.888275,-4.214869,13.1442,-26.335978,-0.88336,2.725657,-14.886551,8.258355,7.1054645,-5.7208476,10.813174,meow
-527.9784,124.73029,-54.360188,2.1147113,19.597752,-27.091248,-0.43861654,6.524576,-6.81287,18.419127,5.8838816,-20.667545,-2.0817804,meow
-516.37177,126.62084,-60.29288,-0.3423615,23.016449,-25.199196,-2.1139271,4.3924823,-9.183922,17.178505,10.125451,-14.218765,-2.3108137,meow
-539.10205,150.33156,-66.11792,-3.6740189,17.37888,-32.50003,0.8340881,5.690808,-14.064754,13.033277,3.787644,-15.119113,9.757846,meow
-535.67236,146.80278,-64.04398,-6.5123973,15.562863,-28.6745,3.198006,3.4386735,-16.703848,14.864891,9.386353,-11.809028,8.716882,meow
-490.4248,138.70775,-68.55536,3.540827,16.591013,-35.56592,4.2065277,7.388543,-9.737981,22.247679,8.535325,-15.655338,0.6649277,meow
-478.78674,119.79379,-58.53191,1.2020425,13.723142,-28.943623,4.2183204,4.323035,-10.654298,19.923584,7.6468987,-16.507956,0.8943628,meow
-600.02234,169.31808,-91.72866,4.235567,29.851784,-45.68097,3.3787608,14.761073,-26.551256,7.9796433,11.944787,-12.93132,14.446396,meow
-614.7207,168.4721,-79.718,1.1662465,22.722448,-44.253906,5.6757703,16.245283,-25.992184,8.725056,15.286103,-14.418366,10.157277,meow
-461.28662,141.71664,-77.279106,3.2099266,27.823717,-29.019913,3.7282848,5.969957,-17.32213,8.509093,-0.47253075,-15.531089,6.8370304,meow
-505.68512,177.47966,-91.468445,0.85211825,27.144632,-38.001205,3.5579317,3.1981382,-21.795422,14.393354,2.1887405,-17.557823,7.7537074,meow
-521.82904,185.69308,-102.08479,11.775216,28.661123,-50.157333,8.932688,11.563293,-23.597298,14.989482,1.2633221,-18.257597,16.379583,meow
-535.0569,169.15974,-86.0359,8.316734,25.61311,-44.402565,1.1993508,3.782722,-22.531672,14.29402,3.0030289,-18.298697,9.106194,meow
-600.79877,122.97308,-45.940212,-4.6165357,14.482812,-25.791813,-1.4517871,6.285479,-14.108095,10.708811,15.422127,-9.379081,-0.83004075,meow
-617.613,141.41447,-56.085175,-1.9536947,19.29596,-31.489388,-1.4252132,9.404124,-13.856902,14.341237,15.629673,-15.051165,-2.3307555,meow
-571.1592,109.38395,-44.800106,-3.0257037,15.364527,-25.279137,-4.8444147,5.2810125,-9.048666,15.074621,15.699059,-13.09313,-6.386286,meow
-622.2138,155.37607,-62.260227,-2.0788074,21.17839,-36.01957,-3.369864,10.629622,-15.993808,8.84583,10.558036,-13.7882805,4.677908,meow
-653.08673,165.9522,-63.955795,-0.83376515,21.637691,-35.812634,1.4914972,11.375554,-18.390896,11.550524,12.405145,-14.991668,5.1057324,meow
-634.5799,132.82268,-44.799263,1.0247295,16.385056,-30.521267,-0.20006165,12.934443,-10.414088,9.695321,8.564362,-16.992476,-0.22237802,meow
-582.45654,151.5991,-84.655846,-1.8063842,25.945652,-39.192345,2.9737937,16.099424,-17.709816,12.758057,10.892822,-21.761642,2.4203763,meow
-644.50195,164.8396,-66.05529,-0.75959086,18.95582,-41.232292,-0.7679339,12.91648,-14.003276,17.541456,14.665863,-19.280209,-2.0078719,meow
-624.02026,160.32779,-65.2822,-6.9006805,17.155855,-34.321815,2.7580168,11.381244,-16.456408,15.808505,16.464968,-16.099346,-0.0139735695,meow
-617.68396,146.10068,-58.90982,-3.7250023,19.11072,-33.25662,-2.6588225,10.230894,-13.313066,13.33708,15.12487,-13.576314,-1.0940374,meow
-652.3332,181.83328,-97.458626,9.089741,31.58639,-42.341225,5.096492,7.526869,-20.523487,14.869231,6.0021243,-6.275567,13.543414,meow
-630.23065,175.90053,-82.36841,6.0494237,23.43265,-44.81687,1.0767535,9.014536,-16.324608,13.1393,5.943692,-3.5869806,17.269096,meow
-636.6837,174.20935,-84.50257,5.4462605,26.311913,-39.067,2.2385278,1.8539555,-20.828539,15.071266,3.743353,-6.7393546,23.744991,meow
-624.78845,176.10753,-84.20528,4.145531,24.796885,-40.09655,4.714265,7.1903286,-20.929499,9.311105,1.753969,-4.449852,25.030603,meow
-625.21906,166.77493,-79.27547,1.6471856,21.827787,-37.97393,2.4935899,4.024198,-18.363632,13.96905,3.4942493,-7.8875275,19.581305,meow
-549.3786,148.2187,-72.325134,0.20251596,24.22685,-37.704292,2.7900927,14.732341,-26.7246,-0.14741564,10.193771,-18.459635,0.5916338,meow
-529.1483,156.57613,-73.07647,7.3463397,32.766903,-34.451202,3.6076727,14.145775,-25.216127,0.30603892,3.512455,-24.665289,-2.5615919,meow
-502.09708,150.67221,-75.34878,-1.7848599,27.380615,-36.616653,-3.997352,11.601084,-19.512028,3.0555942,6.770392,-17.06878,0.5729667,meow
-535.0801,136.49031,-62.469112,8.717953,29.682693,-32.81018,-0.651872,14.267394,-19.135017,-0.030886814,4.7120953,-18.90337,-2.7503655,meow
-558.9641,133.96553,-67.77352,0.5795913,23.145014,-37.47273,-0.9628332,17.06454,-18.019886,1.0488077,8.329412,-16.246,0.5217514,meow
-543.0841,131.15134,-68.21731,-1.2588148,23.053791,-36.87205,-3.2492745,15.980186,-17.466627,-1.7721071,6.332006,-12.782839,2.3640492,meow
-522.08997,148.71428,-81.76232,4.027326,29.740337,-40.848923,0.03215237,17.317715,-19.12379,3.8033142,6.8346357,-16.331697,4.6552052,meow
-516.7757,147.6532,-72.55373,-2.4263897,25.020124,-34.63025,-2.5049908,10.666579,-15.522194,8.474823,4.7554417,-19.04613,5.7628965,meow
-521.6199,165.84933,-78.210556,-5.94973,23.949163,-37.495506,-1.0860524,11.362319,-19.65671,5.4295506,4.7731357,-17.218939,6.1596746,meow
-608.20746,142.9488,-44.579792,-6.0081587,13.450685,-27.791567,-0.29096505,7.364854,-18.672037,2.286097,7.304872,-12.357571,2.3847358,meow
-578.9137,156.7369,-72.21716,-3.8264897,21.639723,-38.444775,-0.051612336,14.072425,-19.10838,4.965735,6.1230574,-18.756315,4.469463,meow
-602.884,171.2225,-56.51203,-12.494776,13.414919,-31.212677,1.8922559,8.304038,-24.50249,-1.1198573,6.357604,-12.247014,4.751993,meow
-612.9601,173.37047,-66.26454,-8.758979,18.465263,-35.011112,1.1009555,10.154393,-23.406301,2.4276254,8.421816,-12.113942,6.887039,meow
-532.5925,154.38919,-65.7551,-2.3139255,20.077644,-36.666245,-0.12341362,11.308016,-20.049225,4.2211556,6.6554465,-15.251122,4.98413,meow
-585.8578,129.30054,-62.623867,-1.8941996,17.163862,-29.26849,1.1944631,5.484851,-8.340196,23.763622,11.048901,-21.559692,-5.2689075,meow
-649.53076,183.17384,-86.619896,15.590978,23.022436,-49.92046,9.627037,7.630201,-21.635078,26.035606,10.820004,-17.515913,9.191105,meow
-653.93195,177.69044,-77.8291,13.567651,17.463303,-49.567528,8.300417,7.3879824,-19.42648,23.907644,8.313805,-16.380667,10.498849,meow
-603.43536,151.7765,-74.29938,1.9530236,26.784842,-39.041817,-1.8333306,14.723546,-14.315206,12.453841,12.5104475,-15.161176,3.3049333,meow
-621.6584,164.74963,-79.68568,3.8422806,28.128653,-42.1112,-0.8910348,12.62043,-16.962128,16.895971,13.434193,-17.55077,6.741307,meow
-644.1299,175.65814,-87.17257,9.055849,31.442223,-49.080727,2.4692225,19.816423,-21.92729,11.471844,14.769939,-18.311897,5.3042846,meow
-515.9695,155.54962,-89.14721,4.0322204,25.631886,-37.991188,6.8186626,8.480927,-18.676489,16.28919,5.738218,-16.978384,5.503574,meow
-487.54343,134.15697,-81.40854,6.4991236,28.960135,-33.6045,0.84331566,7.636046,-12.828725,14.395874,4.595384,-12.69885,6.6971354,meow
-476.76627,138.28906,-81.675575,5.6320367,24.106783,-37.48598,2.4254863,6.1004395,-16.052103,17.820023,8.426117,-11.328318,11.146196,meow
-484.38016,119.704575,-68.408745,8.880977,24.809399,-29.711552,3.9350495,5.8435817,-14.19411,16.600092,8.34022,-12.823138,4.8787093,meow
-567.0214,153.3375,-88.96636,5.956091,27.464924,-41.58831,6.709616,15.842295,-19.33099,9.865708,5.0557323,-18.088377,4.8870897,meow
-552.8074,162.0196,-90.09254,-4.6093163,18.540493,-38.08056,11.712025,9.59759,-24.208466,14.250895,5.7544837,-21.696772,5.3726234,meow
-542.06323,134.21477,-70.80789,-9.386596,21.413857,-23.644836,0.29255897,0.8130148,-20.062187,7.014633,1.6209785,-19.203936,3.5236764,meow
-573.1288,164.35126,-89.64097,2.722311,26.768124,-44.782413,-0.49282897,10.973084,-19.22992,11.417057,4.186894,-22.420603,3.6498575,meow
-623.0628,177.04997,-64.16247,3.712766,26.522327,-38.89872,-1.6424593,11.702794,-21.587446,4.9690886,9.499032,-13.347302,4.840007,meow
-553.3114,132.36275,-73.74958,2.0411494,29.368448,-33.46532,-3.1044228,10.604467,-18.409142,5.6953554,8.867784,-13.220568,8.967344,meow
-561.8919,135.91508,-72.36286,3.5051262,28.936808,-36.119743,-5.2626424,8.758419,-20.491089,4.3435163,7.293966,-14.816395,9.709884,meow
-554.9541,136.70627,-76.79917,2.5190299,29.09883,-38.544445,-6.605424,10.264154,-17.9356,6.1990623,7.107071,-15.865344,9.7151165,meow
-563.73755,154.59145,-91.464386,7.2208014,36.854336,-42.5237,-2.5289257,14.060241,-21.994068,6.945097,8.515228,-17.109861,10.172835,meow
-565.8972,152.9426,-91.145546,0.73780173,32.155285,-39.2696,0.98104566,14.985575,-22.007618,4.2207985,5.8665338,-15.438412,13.157737,meow
-531.9065,123.3,-72.0569,2.8539863,25.81489,-33.921265,0.028386679,13.206294,-16.139029,5.302623,4.8889976,-15.189071,7.4145894,meow
-547.3956,127.54064,-72.498726,2.4833643,25.261847,-34.303898,0.9988109,11.896519,-20.169207,3.315717,4.8289347,-15.411065,10.488109,meow
-636.9604,101.05344,-67.40789,-4.422126,16.841011,-37.740868,-10.195576,8.161791,-14.128192,4.76413,9.395584,-9.043147,9.222376,meow
-429.6282,109.337585,-43.20251,1.1224135,15.967579,-21.760324,0.4384113,8.967795,0.60029566,14.682355,-4.373943,-20.92322,5.4913163,meow
-395.89798,114.3471,-57.512882,-1.2285588,22.602123,-22.633137,-2.4066637,5.3808613,-7.504047,14.454977,6.511508,-15.528753,0.89107007,meow
-508.85345,123.52604,-58.76549,6.8000436,19.42774,-31.480469,7.2873907,14.213137,-16.753845,1.6556084,2.2208385,-5.6020746,14.181645,meow
-569.1513,171.87445,-91.707855,7.6181784,31.56231,-37.706703,4.7195034,5.2217813,-18.001774,19.658136,4.943674,-15.065888,11.970124,meow
-585.2301,177.04666,-86.714775,11.043406,28.871887,-40.842144,6.5634923,7.120315,-20.145206,16.805223,4.4345136,-12.855168,15.036392,meow
-627.72626,143.94238,-80.17086,-1.0182254,26.492662,-23.837921,8.452402,2.4325726,-20.883762,11.855269,5.2677393,-8.802994,12.981605,meow
-469.00525,96.75973,-46.73555,0.9072808,16.927288,-20.075914,0.956282,5.3760195,-8.794719,7.3471127,0.0008391451,-11.355513,7.698394,meow
-519.3479,118.368675,-50.89634,3.2149174,17.20019,-25.031237,2.7116683,3.9923966,-13.712335,9.549322,1.7112123,-11.968159,11.044079,meow
-467.07678,109.578156,-58.290318,7.1020255,18.329718,-28.254622,8.5558605,12.188847,-15.493845,2.7640386,-0.6408647,-9.457617,12.005465,meow
-392.6455,96.37489,-47.358803,-3.206965,9.130132,-21.163958,3.2754405,0.7698781,-11.911008,13.52295,11.698552,-0.8365259,5.8915987,meow
-440.60336,117.36496,-59.511467,1.5157133,12.81009,-31.069407,2.3191473,1.9374309,-14.246399,18.450949,13.92186,-5.1093073,6.3359766,meow
-422.91638,108.74772,-54.145336,-0.94873923,9.750945,-29.43981,1.2437952,3.5450373,-8.665676,19.784739,12.2143545,-7.544633,2.5623724,meow
-397.21573,89.97154,-41.486473,-4.955502,8.342785,-17.046803,3.4642684,1.6422286,-10.090082,9.837854,7.8846774,-1.4461834,6.263382,meow
-426.58173,116.12636,-54.93563,-6.529424,9.812556,-25.911081,-0.4138535,-0.5244074,-10.260988,19.848356,14.784616,-2.539353,6.1536303,meow
-460.6741,108.51343,-49.07449,-2.6749344,10.596937,-25.39708,0.39597306,2.2831278,-10.092694,15.853424,11.782855,-5.3440714,3.2155838,meow
-524.77435,98.848366,-50.921566,-4.8548317,9.6980505,-24.79093,1.0019854,3.1713674,-13.405458,8.905169,7.109567,-8.265904,3.140243,meow
-574.91656,170.96101,-83.552704,6.023807,25.476828,-36.670227,8.738199,5.407039,-21.358543,18.106146,6.582503,-14.767709,12.4400215,meow
-480.87442,105.21551,-43.83026,-5.5884137,10.117784,-19.88917,2.223277,1.3530661,-15.3720255,5.754072,6.5233474,-4.2830644,7.3885775,meow
-470.92075,108.02454,-49.0121,-3.6154203,18.791292,-16.124243,-1.4158561,-1.3775053,-11.844544,8.309965,2.0645945,-8.7501745,8.440583,meow
-468.8687,105.28081,-45.257313,-2.459477,10.221942,-23.901718,0.37622184,2.2860706,-9.947959,14.37501,10.645293,-5.8966055,2.8852282,meow
-530.99774,101.216064,-53.67566,-5.435573,15.211327,-22.811018,-2.51705,1.1686391,-13.80291,11.870977,14.818431,-2.7214987,3.6689968,meow
-522.04553,93.59538,-45.090546,-2.9351676,13.142314,-21.911695,-2.2789996,0.7057814,-15.035937,8.7833,14.709514,1.091311,7.4524436,meow
-506.4681,89.65062,-43.558235,-4.7127404,10.311643,-21.070454,-0.09089204,1.7024332,-15.627394,7.3380876,13.68127,0.3685166,7.497238,meow
-546.7087,111.730095,-60.51367,-0.16404973,16.649336,-29.951355,-0.59199,4.2772956,-13.80052,16.875568,15.484062,-9.652416,-0.18717103,meow
-541.6423,109.68697,-59.981712,-3.2004623,13.01002,-28.88005,3.174216,7.8100543,-11.161879,15.725408,9.433127,-14.554762,0.36126783,meow
-549.9106,114.1476,-57.160545,-2.1218908,14.50467,-28.100016,-0.17202735,1.3498185,-17.489904,12.732698,14.171617,-4.4124227,6.1551013,meow
-535.9996,134.92978,-67.75513,0.19817527,13.15399,-37.74999,7.7226324,14.041495,-12.539156,18.236565,8.887509,-20.077114,1.4587009,meow
-524.51605,100.84117,-51.330326,0.2624598,11.087254,-29.265572,1.8290569,5.0637445,-16.195166,10.277773,11.853243,-4.9425297,7.7498684,meow
-526.8088,109.94178,-57.824726,0.9663082,13.841982,-31.582111,2.2712781,6.8892045,-16.060175,11.823113,11.773223,-7.683796,8.357516,meow
-542.3777,114.87497,-60.78022,-2.4884646,14.953552,-29.30701,1.9858022,5.153696,-17.739548,11.746213,15.206417,-4.803192,5.8517714,meow
-550.6419,137.2505,-57.34326,-4.495933,9.218885,-38.38199,3.1288245,17.176498,-8.90844,12.134698,5.9511223,-18.54421,3.0653934,meow
-520.70844,92.48219,-37.272366,-7.0703897,1.202523,-26.2496,0.9384308,4.705648,-10.401879,15.664446,15.681238,-9.671619,-2.1899705,meow
-519.2047,104.601875,-48.958687,-0.31030208,10.293359,-33.49775,-2.1784427,8.234718,-13.126927,9.974472,12.5662365,-6.9366894,5.7761197,meow
-499.22568,102.61633,-47.18413,-5.0978804,9.691587,-25.757301,1.225818,5.430513,-16.709038,5.7654567,10.478113,-4.923714,8.31331,meow
-487.93417,109.7368,-47.386765,-5.4674497,9.441999,-26.307936,1.7061826,5.0763574,-18.602552,3.1869717,7.4476185,-6.669214,8.622299,meow
-503.0813,122.43455,-51.06915,-3.3237212,7.176918,-37.573803,-0.87422055,7.9730954,-19.482134,7.6582165,16.06951,-4.4422536,6.3596916,meow
-526.9505,119.26315,-57.928513,-0.28594324,9.909028,-39.63765,1.4425513,11.599668,-17.82869,10.70739,15.580957,-9.146269,5.7711596,meow
-517.78937,104.425644,-43.85441,1.1020292,7.8901224,-33.016388,0.68205935,7.2624254,-18.497248,5.7086115,12.111084,-4.347442,10.321724,meow
-528.38275,109.16581,-47.42726,2.4837346,9.702436,-35.623135,-0.099571295,8.531119,-17.78124,7.180713,12.348254,-6.564571,8.74169,meow
-521.6311,111.1659,-50.973274,0.67424,12.159742,-34.818817,-2.1874301,7.666429,-18.035297,6.2038627,12.414991,-6.386849,8.088073,meow
-507.83417,93.88315,-38.315903,-3.7375774,3.4545774,-27.083273,1.7589804,4.3544855,-16.137285,7.3864384,11.92661,-2.6463802,10.148555,meow
-497.42188,96.36443,-35.639168,-1.3330512,3.4433768,-30.077404,-0.7666851,4.394794,-17.202326,2.359171,6.8002543,-3.26579,13.962931,meow
-513.5869,93.48814,-36.99904,0.42625993,4.3703756,-30.115807,1.4184881,6.059091,-16.836386,5.892787,10.566188,-4.48839,10.522276,meow
-532.70355,110.56609,-52.07509,-1.1284742,12.411003,-30.867887,1.53983,7.698193,-18.491037,8.259254,14.151793,-6.7959037,7.191014,meow
-552.90247,141.88515,-69.814896,3.103622,15.14675,-44.075638,5.930094,15.072922,-21.68027,11.817728,13.872439,-15.85252,6.0756283,meow
-561.7109,131.47466,-61.623466,6.9535775,17.241003,-40.052925,3.752905,10.027308,-24.327991,11.81703,18.747131,-10.519069,6.9545317,meow
-561.8114,133.9475,-68.01512,3.8756044,21.469976,-38.713684,0.60166043,10.152659,-23.805521,7.9693527,17.255253,-6.035645,12.177097,meow
-526.23627,117.94413,-45.051014,0.10876177,8.634028,-36.54919,-3.6687787,4.5095134,-21.51713,5.7313046,16.540781,-0.4087403,13.36096,meow
-542.6989,134.66724,-67.09459,3.2592866,19.680521,-40.419647,0.18518922,10.539556,-24.34311,7.72457,17.61976,-8.7083235,7.8744483,meow
-567.4106,120.29682,-45.427185,-6.4563274,6.919512,-31.433653,-0.7690859,6.8811812,-16.063824,9.552065,16.391983,-5.3439136,3.1627758,meow
-510.8399,102.4358,-48.7228,-10.655126,8.4098625,-23.80165,1.5876036,8.19394,-13.365704,6.353474,12.009097,-5.4021983,3.9119275,meow
-519.7811,107.53932,-49.602856,-0.99476933,14.058754,-31.518873,-5.51305,5.8396134,-13.964039,9.736778,16.178226,-4.180948,3.1074734,meow
-499.73914,97.05939,-42.431442,-0.91046363,13.432783,-25.671827,-3.9175303,4.3961015,-14.530925,6.5459085,15.602831,0.8036103,7.040072,meow
-529.2065,109.300224,-53.890907,1.3727674,18.298351,-31.184446,-4.5123544,6.1868896,-17.205284,6.953854,15.657657,-2.8921173,6.6908855,meow
-503.49146,101.99007,-43.291183,-2.3744855,12.71076,-26.111574,-3.4382682,4.4947076,-15.993884,4.2650566,13.209875,0.17400913,10.083377,meow
-505.97794,97.91096,-41.42211,-2.8801148,12.739205,-24.106703,-3.8610282,3.969133,-14.346607,4.922684,12.98791,-0.30151552,7.056552,meow
-537.9107,101.29374,-43.982456,-0.24172178,13.161562,-29.413834,-5.387579,5.9310064,-13.543309,5.846099,12.383501,-2.5643265,7.23939,meow
-550.02655,116.54379,-50.50952,0.40268388,14.445775,-35.263412,-5.0660534,9.75048,-14.7605095,5.5852075,14.743666,-1.4012944,7.4017887,meow
-507.17456,102.949104,-44.279255,-3.6168206,12.778188,-25.990168,-4.0293455,5.5572577,-12.381554,7.2578487,12.626171,-3.97129,4.6259027,meow
-505.2356,107.696884,-39.20298,-1.3361515,14.294515,-24.775257,-4.375664,4.617959,-13.983933,5.7671666,12.932312,-4.5408487,2.240581,meow
-569.2933,125.86811,-62.12714,-5.0430017,18.498781,-30.853899,-3.0631392,7.6676283,-13.550915,13.909178,16.141682,-9.986091,2.079722,meow
-541.78326,119.84741,-55.933994,-7.118088,12.530357,-34.53754,-6.7912874,9.500368,-9.219163,12.497681,15.926473,-7.2443547,-0.31073868,meow
-529.4562,119.28935,-57.884823,-10.557489,12.469127,-32.589886,-7.055486,10.9898205,-3.5278165,15.667541,11.743796,-15.204842,-4.883572,meow
-551.17487,126.70373,-66.199326,-2.8801844,20.057243,-35.924477,-6.5706606,8.768582,-12.683277,13.999205,17.689001,-8.719085,-0.4834613,meow
-540.27783,114.63525,-58.534824,-2.1334465,17.275791,-33.736492,-6.039627,8.8573475,-11.43738,12.2155285,16.578266,-5.7939644,3.7849941,meow
-423.7427,107.96299,-66.03095,-4.0284395,15.467715,-23.300707,8.247696,4.605398,-20.279589,6.4094768,8.144633,-2.745029,13.1108055,meow
-467.544,126.88408,-69.22864,1.6364756,18.472778,-31.387089,2.326017,0.926512,-19.817616,12.493237,8.303744,-4.1099024,20.434599,meow
-428.05325,122.762054,-65.43689,1.3657433,16.803123,-29.782333,5.9680734,5.65822,-19.178265,6.6630445,0.8028092,-13.287125,11.600704,meow
-418.44382,113.99507,-63.962063,2.4866457,17.615404,-27.446068,5.204059,2.8933606,-19.348793,8.8685875,5.078368,-7.542729,14.699735,meow
-443.3883,130.0748,-64.019035,3.1473815,18.291864,-28.600752,6.1044216,3.0354986,-20.437239,8.862199,5.8442216,-4.9601283,17.499943,meow
-467.1773,124.60001,-60.912556,0.99754936,16.425196,-25.354698,6.8438873,0.42817634,-20.837578,10.954947,6.4049945,-6.135737,17.608904,meow
-503.40665,132.15279,-58.93857,6.4231234,16.547533,-32.614647,4.276852,2.8133347,-19.36302,13.501138,9.377668,-6.7278657,14.506613,meow
-447.8329,120.8218,-64.40742,2.81953,18.27486,-28.991594,5.1216054,4.1699286,-20.241766,7.375612,4.625967,-7.694005,16.403475,meow
-475.82877,143.30826,-76.21316,7.9201703,22.345676,-34.46833,7.511506,1.8688728,-22.983618,18.387737,12.663281,-6.6946883,15.875952,meow
-460.06757,124.10487,-64.61045,3.335696,17.773333,-28.94887,6.438435,3.1868687,-20.39073,11.30065,9.4164295,-3.6261387,15.682714,meow
-525.1109,106.123535,-57.387867,5.8968225,19.62549,-30.253622,2.2676034,10.766089,-14.35701,6.2951,4.343774,-13.450549,6.295993,meow
-529.8679,108.34078,-60.823513,4.10874,19.787195,-31.078472,1.4205184,11.017807,-13.180223,7.7402864,4.9438543,-13.092936,7.476881,meow
-553.74963,114.27685,-62.14328,4.06541,19.598269,-32.854427,0.9616381,11.201702,-13.560146,5.8677254,1.4320546,-14.060148,10.206513,meow
-526.8542,101.93565,-58.8367,5.7704096,20.544113,-30.10268,1.4223093,11.172304,-13.87606,5.1541543,3.4336865,-13.117971,7.4056363,meow
-579.2057,131.7656,-73.814476,9.118547,26.766666,-37.088154,1.3918539,12.223465,-15.057384,7.5475826,-0.19926858,-16.996931,10.824544,meow
-551.96204,106.796936,-59.5611,8.57966,24.299765,-31.16607,-1.3175436,11.914188,-11.457003,3.4799652,0.16021971,-11.177586,10.594043,meow
-574.30396,127.69095,-69.325874,8.261475,25.997978,-35.187763,-0.1679563,11.495462,-13.33926,6.59366,-0.6738984,-15.271532,10.217909,meow
-523.51135,111.93898,-55.029026,1.0669314,18.11843,-31.484476,-1.5474794,11.450779,-15.271166,2.0518682,5.8604827,-10.7082615,7.883332,meow
-522.3814,116.28984,-59.783047,1.3474729,20.003517,-32.464012,-0.5548555,12.694103,-16.034594,2.5646775,6.248882,-12.128731,8.063661,meow
-518.0436,114.01226,-63.160442,-0.025621427,22.164267,-31.163958,-2.5756109,11.271408,-14.944994,3.9944189,7.3549266,-11.830469,5.3975706,meow
-525.23553,116.857735,-60.703663,2.4350598,23.579103,-30.404291,-0.611555,13.5921755,-14.865464,2.0869362,6.351448,-10.035805,9.423918,meow
-528.004,124.12636,-62.795025,-3.2781553,21.964739,-30.054821,-3.4411287,10.574297,-15.460139,-0.84967023,0.42870614,-12.60445,11.205488,meow
-537.29865,118.26936,-64.578186,2.50176,24.278027,-32.88214,-2.5746903,12.169875,-16.70043,1.6968033,6.191835,-10.709545,10.4607315,meow
-538.3163,115.633026,-56.31075,1.3105491,23.05369,-29.94165,-5.139902,11.637417,-12.056646,0.77023727,2.341806,-11.572168,8.535146,meow
-519.48,106.80679,-54.568676,0.24671473,21.03704,-28.128637,-4.030047,11.392165,-11.226018,1.9384615,3.750101,-11.391632,6.168054,meow
-621.459,187.90543,-92.68935,1.7009579,33.81511,-45.609062,-1.0568942,18.768808,-20.237448,4.0916243,5.1324344,-15.053744,16.102201,meow
-575.4736,137.51187,-70.92624,1.6289687,27.331259,-37.05575,-4.891905,14.272165,-16.105343,1.8889691,7.5971813,-8.076479,12.5696,meow
-548.4379,137.1605,-73.14097,3.2913387,29.219225,-35.473755,-1.9532217,15.317669,-15.247437,3.485499,3.3747077,-15.77557,9.830139,meow
-576.353,138.4002,-72.00865,-3.5416207,26.589397,-33.163807,-6.216722,9.858324,-15.0066,4.678703,4.6171803,-12.821741,13.67624,meow
-598.0304,143.94276,-69.19725,3.3831956,24.932884,-37.33677,0.46080002,13.102987,-21.063236,5.2684393,12.007192,-10.29848,9.011089,meow
-573.91327,118.97778,-57.376785,1.9845214,22.231613,-30.627178,-3.2868977,8.956173,-17.09049,2.2598927,6.334049,-8.8648405,12.643217,meow
-578.05536,130.35747,-60.626854,4.0466785,23.22265,-32.889297,0.8462256,12.754396,-18.293022,2.5863698,6.6908765,-10.253499,11.890161,meow
-568.92566,124.65946,-59.93957,5.070762,22.434778,-33.531063,1.3453387,13.795198,-17.927319,2.4562724,6.1934977,-12.903903,9.330446,meow
-589.1364,132.89154,-63.435066,2.9053903,25.362272,-32.755177,-1.5924673,11.990697,-17.155802,2.8269804,5.3917913,-11.924569,11.305853,meow
-591.63184,136.72032,-64.9492,2.1778975,27.280315,-32.231327,-2.9386115,12.804325,-13.628666,5.3996296,4.4591727,-16.323652,6.525995,meow
-624.93634,163.09898,-76.55584,4.0350246,30.350365,-39.207188,-0.5661695,14.537076,-19.881786,5.376153,7.2244406,-13.703402,13.761162,meow
-623.38055,162.96571,-59.132626,0.66495264,20.836,-36.904903,-0.34640265,11.237766,-21.136011,3.4404366,7.0819173,-15.981185,2.5873234,meow
-602.1595,144.10675,-48.27111,-1.8092108,13.105472,-35.269806,-1.305231,10.598033,-15.9015665,6.216882,6.1694803,-17.620934,1.4749023,meow
-543.6123,93.95276,-26.840544,-5.4017916,3.1169636,-24.038013,-3.363817,4.2358127,-11.522355,2.8459587,5.171162,-9.425658,0.5451369,meow
-544.8536,120.54511,-39.07221,-11.668469,8.684213,-22.842842,-2.1943069,7.174729,-11.449716,3.8654094,6.8011227,-10.950963,0.8944541,meow
-562.1648,127.35822,-34.57191,-5.6665435,8.001864,-26.565332,0.5080642,9.266316,-13.768949,4.0013685,6.803119,-15.74063,-4.558092,meow
-510.54968,84.010765,-33.34754,-5.059933,8.597392,-19.568434,-1.3300493,6.685635,-9.74659,2.9336414,6.3383737,-8.785869,-1.7282288,meow
-511.79092,92.64333,-41.098007,-3.9629335,12.729972,-21.755787,-2.1682959,6.0383883,-13.265456,0.69300234,3.9373934,-10.916612,0.086588055,meow
-556.51776,130.40292,-52.494938,-6.1409035,15.583062,-28.356981,-0.008731656,10.69861,-16.441895,2.3160057,7.947159,-12.445563,-0.45507786,meow
-496.11115,91.43659,-25.90992,-3.7388613,7.9546585,-19.478931,-2.3081174,6.6697264,-9.529665,0.44424993,5.171735,-5.772952,1.2434459,meow
-526.047,87.689026,-32.650524,-5.8903174,6.575057,-21.416845,-1.1243498,6.450535,-13.370668,-0.49694112,7.2325087,-7.041695,-3.5021355,meow
-544.32697,86.88307,-29.662317,-8.996,4.0335236,-19.810429,-0.6878466,8.120164,-9.818001,-0.52702504,5.7122536,-5.9091654,-1.4782339,meow
-525.803,90.27803,-39.925972,-5.3744197,9.12343,-24.662205,-2.3389835,9.3025,-10.469822,1.025961,4.754477,-9.792849,-0.0027353764,meow
-504.87408,78.71227,-32.569244,-4.446428,6.438854,-22.503199,-2.4708672,8.589823,-7.790571,1.1428306,2.9709697,-9.78922,-1.1917913,meow
-472.45245,91.43584,-35.94585,-4.645981,8.625068,-21.856018,-1.0244918,7.7939243,-8.926449,2.5184195,2.651398,-9.166267,3.4581306,meow
-463.68588,100.158195,-44.211727,-6.2009034,11.339943,-24.420853,-1.5419651,10.2157345,-11.339488,-2.3756866,0.47835827,-10.638444,1.8987252,meow
-526.5091,112.21228,-58.93708,-2.2196562,21.373837,-28.02167,-3.3796797,10.170433,-14.051739,2.8966174,6.9945273,-12.976878,-2.1042762,meow
-488.32883,77.379745,-29.891628,-4.536277,7.186753,-18.665035,-2.155699,5.126541,-9.306039,1.3354287,2.9841716,-9.025245,0.058066156,meow
-453.351,109.94371,-54.745106,-3.5972652,19.535711,-25.164957,-2.0677543,11.300028,-10.641175,1.9414512,3.2551737,-11.983888,1.9292369,meow
-500.3781,112.49205,-54.498707,-4.8279705,15.918237,-28.179916,-1.1769252,10.690032,-15.237452,0.5783445,5.241062,-12.635328,0.3957309,meow
-474.35864,88.83349,-33.34251,-5.7641325,10.458503,-16.94614,-1.1824604,5.4074297,-10.056783,2.243971,4.9446316,-8.393167,-0.11452581,meow
-412.259,131.51964,-62.778828,0.16635561,24.84321,-22.295586,0.48684943,2.1960275,-14.565577,5.992219,-5.0810075,-18.721958,3.8646894,meow
-403.6386,138.3269,-74.87307,-2.9080346,23.657774,-25.455269,5.4997087,7.0609527,-15.691994,4.6461363,-6.0418906,-17.156876,7.8248987,meow
-409.64328,135.88737,-70.653015,-3.983836,22.28682,-24.638288,3.3141499,4.119982,-16.577127,6.072773,-2.5351477,-15.755236,6.269936,meow
-415.2805,107.04305,-60.434704,-10.084028,14.8156,-17.808859,4.331534,2.251082,-15.650431,5.963408,1.951837,-12.497101,3.8282583,meow
-430.96185,115.55214,-64.9134,-8.408466,20.121576,-17.592531,3.4559278,4.523262,-12.163181,5.6995316,-1.3533341,-12.371055,4.9543676,meow
-442.6655,125.67476,-56.833317,0.03709005,21.62503,-23.127846,-3.4762247,-2.7160008,-15.267805,8.125859,-0.59744114,-13.200209,6.4630656,meow
-394.67917,105.98865,-56.397552,-4.574922,16.768423,-17.058672,4.524531,2.8602178,-11.030842,8.519015,0.020454759,-11.269529,3.9275026,meow
-425.68912,122.88106,-71.943756,-0.4007278,20.26595,-27.690063,5.8191442,7.6777263,-13.934249,9.732484,-0.052501388,-15.43816,5.7715573,meow
-374.96097,119.489136,-62.925934,-3.3295488,18.52016,-22.863811,5.5953712,7.1850386,-14.190385,6.397659,2.4014516,-10.007311,4.8252974,meow
-390.58804,131.60275,-75.27385,-2.3195968,21.227133,-27.667788,7.225095,10.065567,-13.6065855,9.007,0.5016786,-13.245628,7.9234686,meow
-421.08755,117.83227,-64.6625,-2.4334693,19.579773,-22.411106,5.453217,7.4709997,-10.594872,8.547744,-2.1434364,-15.243001,4.707603,meow
-418.10953,98.719376,-49.07029,-3.2549329,11.296513,-20.280048,4.881268,5.904771,-7.7697034,10.187875,-0.15599154,-14.425535,1.6902893,meow
-436.20435,103.15682,-51.217594,-4.223,15.055043,-18.538488,2.3886752,3.726201,-9.781585,7.6794405,0.05751737,-12.159144,2.3759694,meow
-424.0025,94.08325,-46.808853,-5.6119027,12.215639,-17.636875,0.98100007,2.5107913,-9.34518,6.292803,0.7423207,-8.382938,3.5379727,meow
-430.1285,107.27506,-55.635006,-2.7955492,16.080946,-18.920578,6.0308685,3.348999,-14.747169,7.136408,2.5007682,-8.969335,6.092971,meow
-436.413,121.700356,-65.66362,-4.311951,18.22972,-22.796808,5.095417,5.086378,-12.509718,10.132914,1.0735556,-12.716335,4.2754564,meow
-406.50598,111.86959,-54.85585,-4.3308125,14.742185,-19.900791,3.364674,1.5469476,-11.954507,9.750466,0.45481125,-11.981215,5.040412,meow
-384.17963,91.38222,-48.552708,-3.2448387,11.989722,-17.663746,5.357826,4.233023,-11.046507,5.7034516,0.009414644,-8.429206,5.3424907,meow
-365.10483,110.13121,-61.50389,-3.3072965,13.843352,-23.685064,6.4608874,6.0554504,-11.461702,9.190108,-0.04745296,-9.947477,7.952683,meow
-361.41214,103.72535,-53.23554,2.663835,14.340842,-23.336332,8.2287655,6.6012435,-15.599717,5.4719386,1.1598911,-9.578534,7.3285604,meow
-367.67807,95.32028,-50.516006,-1.0752738,11.032205,-22.08594,6.1630683,6.0111327,-11.225789,8.10395,1.3378937,-10.781704,4.6718063,meow
-369.5725,93.03658,-48.638573,-2.8941178,11.665272,-19.78777,2.6284528,3.2105136,-9.317797,7.7288756,1.0375005,-6.3758826,7.915105,meow
-376.92218,92.89124,-45.539814,-4.1749635,7.9265537,-18.487738,6.2702217,2.4856853,-11.714328,8.179028,1.8299705,-6.943206,7.852728,meow
-373.16995,98.01172,-49.044872,-4.746709,9.450486,-19.471167,4.915145,1.3476081,-13.170008,7.8703647,2.0704284,-7.479429,7.209655,meow
-371.14124,96.685905,-49.92589,-4.2422347,9.985976,-18.727663,7.6383123,4.7025414,-12.437676,5.835177,0.3092874,-7.367158,7.6767807,meow
-372.5578,98.58928,-48.30277,-5.362901,8.525372,-20.98591,4.4286695,5.0252943,-8.951119,8.207365,1.2318264,-7.1770134,7.3574047,meow
-381.8497,97.34981,-49.57765,-6.059744,9.026453,-20.93637,3.3737826,4.47655,-9.041117,8.272073,2.4538112,-6.1101904,6.6537538,meow
-370.16525,94.52473,-43.936104,-4.1204925,7.6376443,-18.621645,6.7111363,5.3752737,-8.825685,7.181648,0.27231887,-5.6787357,8.683409,meow
-363.89645,96.32267,-50.99234,-3.0610635,13.105789,-17.003317,6.4795194,3.5954747,-10.831754,7.4113097,-0.61706895,-7.9219995,9.325263,meow
-365.6674,99.251686,-54.056225,-2.5385373,9.376978,-24.013115,7.591955,6.55327,-12.877524,7.5849533,1.4462551,-8.680732,9.566786,meow
-381.9004,92.45546,-42.207302,-3.210048,7.8551106,-19.87431,4.231522,4.096696,-9.408522,8.040798,1.9892178,-7.5912824,5.8796287,meow
-383.36978,92.15274,-39.790726,-0.95622265,7.577327,-20.100433,5.14097,4.344953,-9.906905,6.3878574,0.17211933,-6.3526316,8.017615,meow
-488.9135,133.59254,-71.23652,-2.4207084,22.982372,-32.375313,2.1772435,12.669058,-20.027346,2.7619958,5.703098,-17.445223,3.0077806,meow
-505.7791,107.96121,-54.456745,-2.0016954,26.332903,-22.09656,-6.900264,10.320786,-8.58273,0.18382551,4.3390584,-8.26733,0.6993043,meow
-499.51877,94.60462,-47.256752,-7.9907107,21.246944,-14.52905,-5.8491416,6.9083304,-6.60605,-1.4531523,0.8025521,-5.2255206,2.4831786,meow
-581.8174,141.21873,-56.763287,-5.0583086,18.342676,-30.716389,-0.9289853,11.811009,-14.220908,7.5648494,12.77148,-7.558756,7.128026,meow
-545.2034,98.25164,-41.089725,-2.588085,14.622903,-23.401596,-5.4554057,4.42235,-10.244075,10.395878,14.839053,-6.6387033,-0.7140837,meow
-588.6379,164.3525,-68.03383,-1.8400717,24.674555,-36.73775,-3.0283353,10.077163,-20.899897,5.257013,11.939161,-7.3559737,13.950358,meow
-572.0394,116.12054,-52.848274,1.1043223,20.948404,-26.763338,0.23958464,10.458917,-15.2183485,7.587264,14.872813,-8.678744,-0.5245592,meow
-543.99585,108.383064,-47.327457,-4.5141997,17.211403,-21.70157,-2.1804535,4.74266,-14.490172,8.852047,16.752193,-3.996116,1.5512863,meow
-569.8953,114.03066,-52.291943,-3.8585083,17.821472,-26.36971,-4.500724,5.8148265,-10.6529,15.371666,18.084875,-10.244637,-4.9034243,meow
-596.4851,138.34776,-61.94044,-4.8482776,19.302881,-33.8559,-5.3933825,7.7969265,-15.621877,11.692693,20.526373,-1.5580488,5.274734,meow
-551.187,100.0259,-41.77869,-1.4519355,14.75725,-27.999056,-8.425053,8.71573,-4.5402627,12.133199,15.134952,-7.2044644,-4.390387,meow
-554.2616,109.220215,-27.916187,-6.8926616,6.632939,-23.381948,-5.446317,4.3575473,-10.457194,6.233219,14.829518,0.6647592,3.7161143,meow
-591.39233,120.88867,-50.931583,-1.2009833,18.528454,-29.892841,-5.898947,6.800858,-12.345438,12.779035,18.347588,-7.1926723,-0.9561695,meow
-407.0804,91.90504,-52.82038,-1.7744808,15.534041,-17.837738,3.5727556,0.18973188,-14.478649,11.266784,10.008323,-5.861077,0.6760391,meow
-391.1984,108.23926,-65.58296,4.390544,18.91325,-29.745543,3.5091395,7.389188,-12.024707,13.261366,6.900434,-10.928347,1.845176,meow
-444.9443,114.274086,-59.39141,-0.7314608,15.848673,-27.056002,2.5817177,6.3336196,-9.966195,15.23556,7.173667,-14.782233,-2.0884445,meow
-404.36008,131.39337,-90.46392,1.0906886,25.831902,-32.27612,6.1505146,4.2932997,-21.576246,12.113045,2.2986622,-15.252739,15.389793,meow
-494.0472,140.29321,-61.13693,10.680409,27.599823,-27.376923,3.9889517,6.9645867,-12.945335,11.360013,1.1880329,-12.602117,6.883179,meow
-445.29584,112.08885,-48.93011,1.998333,18.058815,-21.050467,1.312388,2.4763973,-10.652073,10.58235,2.8177137,-9.553049,5.3448787,meow
-490.86243,127.76816,-59.59735,5.544039,17.729565,-29.884413,5.809007,6.6578236,-12.826879,17.069332,8.589898,-12.205749,3.7192369,meow
-517.15393,124.44867,-55.186676,5.5643945,18.29537,-28.399437,2.332676,3.3834927,-13.441751,16.408724,9.19557,-12.978322,0.91314256,meow
-488.46936,138.91624,-71.81592,7.2235413,20.643631,-33.546795,6.3314204,2.7772715,-17.992752,21.159824,13.491738,-8.297735,6.7656198,meow
-432.72757,118.2109,-65.65117,3.4814253,19.892647,-25.70538,6.3785005,3.9819567,-13.450537,17.21696,8.795025,-8.371281,6.1500564,meow
-451.87485,117.003395,-67.29135,-10.561097,20.593267,-21.420134,0.21805221,6.456782,-13.550144,5.062898,1.1353493,-16.161219,2.1971362,meow
-471.45602,111.15912,-59.900288,-7.1853952,21.574413,-19.506474,-1.1141478,5.2810097,-13.099973,4.1581664,1.3660419,-15.450331,0.3241466,meow
-455.03394,111.43269,-57.80957,-11.419199,16.426155,-21.691982,-3.7197251,3.5484607,-12.549977,5.15589,2.8504791,-14.246637,0.014389227,meow
-489.22766,98.53673,-46.843513,-10.185664,9.964524,-20.04691,1.1322334,5.953371,-12.696307,2.2444017,-0.6511054,-18.24224,-2.920125,meow
-437.4522,120.128716,-59.626472,-22.212198,9.682617,-18.375769,2.7812467,9.122895,-7.3769064,6.815995,-0.30218855,-16.935133,1.2270557,meow
-463.2328,117.12799,-59.79653,-11.220149,20.451353,-19.082628,-3.3683982,3.878979,-12.321672,3.747072,0.8428212,-13.982022,2.079296,meow
-560.46936,162.21266,-76.762596,3.8457026,19.93977,-34.95737,13.456904,9.7845125,-21.932562,12.035804,1.235667,-20.199,8.293211,meow
-473.5129,137.87325,-58.875313,-4.878948,14.949619,-33.68429,-3.46371,4.641625,-19.164537,6.651415,12.58691,-1.5040698,15.876857,meow
-445.31625,103.33836,-45.78405,-7.4969583,7.561919,-19.81628,4.7788634,3.6381445,-13.848373,1.541838,-3.479137,-7.8976755,15.355856,meow
-444.6063,113.00528,-55.959595,-5.0252867,11.640879,-23.147238,6.9091687,8.263192,-10.618417,5.728647,-4.5115294,-14.084259,8.662929,meow
-402.17395,89.48311,-39.560925,-6.104218,4.129083,-20.491161,4.048248,6.873769,-5.7943587,5.4301734,-5.375586,-14.705725,2.3443508,meow
-442.37448,111.67878,-44.75141,-5.883237,5.897225,-25.38693,2.254957,5.3842278,-8.831976,7.5813313,-2.925115,-15.3465605,1.8392212,meow
-452.81537,120.16389,-44.900974,-7.3172083,3.5075831,-27.574993,1.8709931,2.3516665,-13.623821,6.542751,-2.015915,-14.57521,5.207128,meow
-468.78033,128.67125,-66.59416,-3.65144,15.288536,-26.66963,8.515674,6.4462748,-18.79519,6.2894197,3.397468,-5.218754,18.573818,meow
-464.678,119.98957,-58.46016,-1.379803,14.347467,-25.292786,7.057968,6.28709,-14.644108,8.963971,1.0016842,-13.357782,10.300742,meow
-486.55307,127.696014,-62.98817,0.05183828,17.60481,-25.849047,8.224027,7.2843556,-16.464859,7.108868,-0.9379026,-14.300551,12.063071,meow
-491.25095,123.31608,-57.48623,-0.22213972,15.816439,-24.892351,6.403765,4.9928827,-15.97952,8.009552,-0.1586886,-13.885485,11.595223,meow
-608.31134,140.51395,-62.368523,7.534895,26.359062,-34.800526,2.8281512,16.741438,-16.395538,6.958946,10.4186325,-13.130116,5.814709,meow
-471.2713,128.878,-64.44662,-2.8419487,24.938263,-26.77579,-2.0944972,7.2509127,-17.776068,4.2190485,6.620946,-13.22598,6.4375515,meow
-480.81012,143.55388,-79.086075,-6.965472,26.901443,-29.023802,0.57990295,8.470456,-21.267227,4.249821,5.5080166,-15.79965,9.822707,meow
-484.26196,129.6283,-71.2609,-1.7041843,30.457245,-27.116644,-5.7938933,4.713168,-18.802887,3.9638436,5.1826897,-15.491806,5.5383635,meow
-474.6876,117.753914,-45.57954,-9.216035,16.791119,-17.204111,-2.2354875,3.4241652,-12.990198,1.8248267,2.1018648,-8.980004,7.735303,meow
-462.33136,140.71239,-64.51117,-6.702377,21.003397,-26.130829,2.638716,9.373409,-16.357513,5.05773,1.8677396,-14.831785,13.822914,meow
-556.53467,153.69557,-95.148346,-7.579201,36.240192,-26.870905,4.5142717,13.233107,-21.051361,5.667536,5.6712193,-17.773344,12.234862,meow
-522.5658,141.36902,-92.67884,-6.0357738,36.5185,-27.537561,0.84254044,15.238466,-14.836905,4.439376,1.3114542,-19.001257,9.263693,meow
-597.4629,163.31874,-85.007965,0.79382926,35.189384,-31.622425,5.060092,15.048683,-21.02288,6.354817,6.1823564,-18.864983,9.79428,meow
-508.36707,115.97841,-67.28652,-4.2141266,28.281822,-20.29622,1.3588077,12.224328,-10.900024,4.6530547,1.6508749,-15.243875,9.186656,meow
-519.3082,109.7311,-66.936195,-3.0969398,28.425585,-22.45857,-2.4197514,10.030294,-12.75791,3.4588606,3.718547,-13.974594,8.467581,meow
-535.46277,73.584816,-54.443314,-5.4828568,15.138467,-21.81254,-1.2305644,8.862482,-12.74466,-2.3094196,2.2455359,-6.422451,10.811983,meow
-624.7968,105.478004,-70.54259,-8.813163,14.839011,-35.330315,-5.3776007,8.896261,-18.848549,-1.7504252,6.1161404,-3.9265628,18.170605,meow
-562.3932,85.55637,-66.85318,-2.6542401,17.738039,-30.700825,-1.5359495,8.9347515,-21.097975,-2.4331243,6.440288,-9.050009,10.646725,meow
-527.35236,93.84822,-70.377365,-7.253403,17.667576,-31.0439,-3.2634687,10.360247,-19.427958,-5.8268614,4.529413,-5.3454843,11.249651,meow
-532.5614,79.5124,-60.081905,-6.46348,17.130161,-21.660849,1.4581922,11.020519,-15.142645,-3.8870306,2.7665925,-8.323218,7.235622,meow
-650.9815,163.3176,-72.13954,4.358259,26.830973,-36.871292,3.9632013,10.7040205,-24.540579,10.817868,15.641014,-13.120772,6.0019116,meow
-629.1053,155.62143,-62.406418,4.2418537,19.330957,-37.74346,3.1203794,6.751872,-23.65842,13.17612,13.709802,-11.801262,13.515307,meow
-621.8519,140.54346,-58.107533,1.2456418,18.658134,-32.366047,2.6283398,8.284873,-20.339134,7.375152,9.508765,-8.646627,13.931536,meow
-379.0874,117.41839,-69.40191,3.6214294,20.20064,-29.784492,4.7593765,10.17921,-7.7652044,12.913436,-2.1266656,-16.708015,6.6086617,meow
-389.9756,120.31693,-61.350826,0.63118434,14.462689,-28.936745,4.43035,6.0480046,-9.994976,13.371202,-2.706143,-19.99259,3.7900364,meow
-378.0282,123.02051,-60.184387,2.083065,17.82631,-25.127193,5.070545,3.2708178,-11.558523,17.779015,7.6307616,-11.337075,2.9430335,meow
-414.2304,144.41483,-59.181267,6.201697,20.170403,-29.92539,5.2338676,6.489307,-14.76088,9.5432415,-2.8401425,-19.974483,2.329047,meow
-349.79245,114.28336,-75.78453,2.1281414,22.12609,-25.002893,8.853654,4.782086,-17.087301,12.530051,6.198396,-8.21933,7.528252,meow
-398.82153,121.40391,-74.02798,8.852094,24.406841,-32.357124,3.4729135,6.052527,-11.810586,17.421154,0.66249144,-20.388723,7.0681825,meow
-477.9134,125.36117,-61.39375,2.2499766,12.188729,-32.56145,8.980805,13.521337,-5.7222214,17.72679,-0.14846192,-21.849562,2.1808488,meow
-403.3046,125.42614,-80.24431,-0.4481848,18.399315,-32.50617,9.210281,12.20866,-10.287594,16.46038,-0.5367828,-23.299559,3.175196,meow
-438.64807,112.32811,-54.15139,2.206738,14.023801,-26.071098,4.2267704,5.4297934,-6.3798366,19.544899,2.9498906,-20.188402,-0.6962372,meow
-412.66876,91.067665,-45.626587,-0.33241373,12.3067665,-18.52858,2.687904,-0.882931,-11.16413,15.503281,10.515567,-6.919198,0.45916888,meow
-420.33447,111.58675,-57.591724,2.8034809,15.229967,-26.247559,5.8390255,6.0800514,-8.830481,18.438839,4.9069567,-17.7341,0.25313148,meow
-388.64914,98.2076,-51.950718,-1.8437757,13.336388,-16.35346,8.259092,-0.48228264,-14.785222,15.259599,9.930269,-7.8098392,2.3830516,meow
-419.82275,113.55208,-62.965004,0.42332882,16.852495,-25.212652,6.0044036,4.1300697,-13.654549,16.545639,9.825974,-11.632373,0.24495913,meow
-424.19928,111.98788,-57.45113,2.1475997,16.733936,-25.479345,6.971489,11.337729,-7.230475,11.828782,-2.8703234,-21.889917,1.5112268,meow
-414.03915,108.86851,-60.56824,-0.26604572,14.589597,-25.60456,7.0808277,8.30098,-9.993685,13.603443,3.2669227,-15.253073,1.7588192,meow
-423.67468,122.64947,-66.9371,0.531497,14.546569,-28.936901,12.470792,14.986569,-8.012442,11.989987,-5.6211433,-22.48649,6.603107,meow
-403.4624,122.21276,-70.10213,1.8107544,16.01679,-33.462425,7.095824,13.273255,-8.443181,14.759852,2.4709141,-17.916248,1.3252606,meow
-436.4001,104.62179,-50.36214,-6.363158,5.041903,-25.853928,6.842201,12.273892,-2.1936588,12.136219,-3.90527,-18.15907,4.427351,meow
